-- MySQL dump 10.13  Distrib 8.0.27, for macos12.0 (x86_64)
--
-- Host: localhost    Database: starbucks_coffees
-- ------------------------------------------------------
-- Server version	8.0.27

/*!40101 SET @OLD_CHARACTER_SET_CLIENT=@@CHARACTER_SET_CLIENT */;
/*!40101 SET @OLD_CHARACTER_SET_RESULTS=@@CHARACTER_SET_RESULTS */;
/*!40101 SET @OLD_COLLATION_CONNECTION=@@COLLATION_CONNECTION */;
/*!50503 SET NAMES utf8mb4 */;
/*!40103 SET @OLD_TIME_ZONE=@@TIME_ZONE */;
/*!40103 SET TIME_ZONE='+00:00' */;
/*!40014 SET @OLD_UNIQUE_CHECKS=@@UNIQUE_CHECKS, UNIQUE_CHECKS=0 */;
/*!40014 SET @OLD_FOREIGN_KEY_CHECKS=@@FOREIGN_KEY_CHECKS, FOREIGN_KEY_CHECKS=0 */;
/*!40101 SET @OLD_SQL_MODE=@@SQL_MODE, SQL_MODE='NO_AUTO_VALUE_ON_ZERO' */;
/*!40111 SET @OLD_SQL_NOTES=@@SQL_NOTES, SQL_NOTES=0 */;

--
-- Table structure for table `allergies`
--

DROP TABLE IF EXISTS `allergies`;
/*!40101 SET @saved_cs_client     = @@character_set_client */;
/*!50503 SET character_set_client = utf8mb4 */;
CREATE TABLE `allergies` (
  `id` int NOT NULL AUTO_INCREMENT,
  `name` varchar(100) DEFAULT NULL,
  PRIMARY KEY (`id`)
) ENGINE=InnoDB AUTO_INCREMENT=11 DEFAULT CHARSET=utf8mb4 COLLATE=utf8mb4_0900_ai_ci;
/*!40101 SET character_set_client = @saved_cs_client */;

--
-- Dumping data for table `allergies`
--

LOCK TABLES `allergies` WRITE;
/*!40000 ALTER TABLE `allergies` DISABLE KEYS */;
INSERT INTO `allergies` VALUES (1,'우유'),(2,'후추'),(3,'설탕'),(4,'대두'),(5,'시럽'),(6,'딸기'),(7,'녹차'),(8,'밀가루'),(9,'쌀'),(10,'메론');
/*!40000 ALTER TABLE `allergies` ENABLE KEYS */;
UNLOCK TABLES;

--
-- Table structure for table `categories`
--

DROP TABLE IF EXISTS `categories`;
/*!40101 SET @saved_cs_client     = @@character_set_client */;
/*!50503 SET character_set_client = utf8mb4 */;
CREATE TABLE `categories` (
  `id` int NOT NULL AUTO_INCREMENT,
  `name` varchar(100) NOT NULL,
  PRIMARY KEY (`id`)
) ENGINE=InnoDB AUTO_INCREMENT=11 DEFAULT CHARSET=utf8mb4 COLLATE=utf8mb4_0900_ai_ci;
/*!40101 SET character_set_client = @saved_cs_client */;

--
-- Dumping data for table `categories`
--

LOCK TABLES `categories` WRITE;
/*!40000 ALTER TABLE `categories` DISABLE KEYS */;
INSERT INTO `categories` VALUES (1,'콜드 브루 커피'),(2,'브루드 커피'),(3,'에스프레소'),(4,'프라푸치노'),(5,'블렌디드'),(6,'스타벅스 피지오'),(7,'티 (티바나)'),(8,'기타 제조 음료'),(9,'주스'),(10,'핫도그');
/*!40000 ALTER TABLE `categories` ENABLE KEYS */;
UNLOCK TABLES;

--
-- Table structure for table `images`
--

DROP TABLE IF EXISTS `images`;
/*!40101 SET @saved_cs_client     = @@character_set_client */;
/*!50503 SET character_set_client = utf8mb4 */;
CREATE TABLE `images` (
  `id` int NOT NULL AUTO_INCREMENT,
  `image_url` varchar(100) DEFAULT NULL,
  `product_id` int DEFAULT NULL,
  PRIMARY KEY (`id`),
  KEY `product_id` (`product_id`),
  CONSTRAINT `images_ibfk_1` FOREIGN KEY (`product_id`) REFERENCES `products` (`id`)
) ENGINE=InnoDB AUTO_INCREMENT=11 DEFAULT CHARSET=utf8mb4 COLLATE=utf8mb4_0900_ai_ci;
/*!40101 SET character_set_client = @saved_cs_client */;

--
-- Dumping data for table `images`
--

LOCK TABLES `images` WRITE;
/*!40000 ALTER TABLE `images` DISABLE KEYS */;
INSERT INTO `images` VALUES (1,'imgsrc',1),(2,'imgsrc',2),(3,'imgsrc',3),(4,'imgsrc',4),(5,'imgsrc',5),(6,'imgsrc',6),(7,'imgsrc',7),(8,'imgsrc',8),(9,'imgsrc',9),(10,'imgsrc',10);
/*!40000 ALTER TABLE `images` ENABLE KEYS */;
UNLOCK TABLES;

--
-- Table structure for table `nutritions`
--

DROP TABLE IF EXISTS `nutritions`;
/*!40101 SET @saved_cs_client     = @@character_set_client */;
/*!50503 SET character_set_client = utf8mb4 */;
CREATE TABLE `nutritions` (
  `id` int NOT NULL AUTO_INCREMENT,
  `product_id` int DEFAULT NULL,
  `calories` decimal(10,0) DEFAULT NULL,
  `saturated_fat` decimal(10,0) DEFAULT NULL,
  `protein` decimal(10,0) DEFAULT NULL,
  `sodium` decimal(10,0) DEFAULT NULL,
  `sugar` decimal(10,0) DEFAULT NULL,
  `caffein` decimal(10,0) DEFAULT NULL,
  PRIMARY KEY (`id`),
  KEY `product_id` (`product_id`),
  CONSTRAINT `nutritions_ibfk_1` FOREIGN KEY (`product_id`) REFERENCES `products` (`id`)
) ENGINE=InnoDB AUTO_INCREMENT=6 DEFAULT CHARSET=utf8mb4 COLLATE=utf8mb4_0900_ai_ci;
/*!40101 SET character_set_client = @saved_cs_client */;

--
-- Dumping data for table `nutritions`
--

LOCK TABLES `nutritions` WRITE;
/*!40000 ALTER TABLE `nutritions` DISABLE KEYS */;
INSERT INTO `nutritions` VALUES (1,1,100,10,4,5,5,5),(2,2,100,10,4,5,5,5),(3,3,100,10,4,5,5,5),(4,4,100,10,4,5,5,5),(5,5,100,10,4,5,5,5);
/*!40000 ALTER TABLE `nutritions` ENABLE KEYS */;
UNLOCK TABLES;

--
-- Table structure for table `products`
--

DROP TABLE IF EXISTS `products`;
/*!40101 SET @saved_cs_client     = @@character_set_client */;
/*!50503 SET character_set_client = utf8mb4 */;
CREATE TABLE `products` (
  `id` int NOT NULL AUTO_INCREMENT,
  `korean_name` varchar(100) DEFAULT NULL,
  `english_name` varchar(100) DEFAULT NULL,
  `category_id` int DEFAULT NULL,
  `product_description` varchar(3000) DEFAULT NULL,
  `is_new` tinyint DEFAULT NULL,
  PRIMARY KEY (`id`),
  KEY `category_id` (`category_id`),
  CONSTRAINT `products_ibfk_1` FOREIGN KEY (`category_id`) REFERENCES `categories` (`id`)
) ENGINE=InnoDB AUTO_INCREMENT=12 DEFAULT CHARSET=utf8mb4 COLLATE=utf8mb4_0900_ai_ci;
/*!40101 SET character_set_client = @saved_cs_client */;

--
-- Dumping data for table `products`
--

LOCK TABLES `products` WRITE;
/*!40000 ALTER TABLE `products` DISABLE KEYS */;
INSERT INTO `products` VALUES (1,'토피 넛 콜드 브루','topi cold brew',1,'맛 좋아요',1),(2,'나이트로 바닐라 크림','nitro vanilla cream',1,'맛 좋아요',0),(3,'토피 넛 콜드 브루','topi cold brew',1,'맛 좋아요',1),(4,'나이트로 바닐라 크림','nitro vanilla cream',1,'맛 좋아요',0),(5,'토피 넛 콜드 브루','topi cold brew',1,'맛 좋아요',1),(6,'나이트로 바닐라 크림','nitro vanilla cream',1,'맛 좋아요',0),(7,'토피 넛 콜드 브루','topi cold brew',1,'맛 좋아요',1),(8,'나이트로 바닐라 크림','nitro vanilla cream',1,'맛 좋아요',0),(9,'토피 넛 콜드 브루','topi cold brew',1,'맛 좋아요',1),(10,'나이트로 바닐라 크림','nitro vanilla cream',1,'맛 좋아요',0);
/*!40000 ALTER TABLE `products` ENABLE KEYS */;
UNLOCK TABLES;

--
-- Table structure for table `products_allergies`
--

DROP TABLE IF EXISTS `products_allergies`;
/*!40101 SET @saved_cs_client     = @@character_set_client */;
/*!50503 SET character_set_client = utf8mb4 */;
CREATE TABLE `products_allergies` (
  `id` int NOT NULL AUTO_INCREMENT,
  `product_id` int DEFAULT NULL,
  `allergy_id` int DEFAULT NULL,
  PRIMARY KEY (`id`),
  KEY `product_id` (`product_id`),
  KEY `allergy_id` (`allergy_id`),
  CONSTRAINT `products_allergies_ibfk_1` FOREIGN KEY (`product_id`) REFERENCES `products` (`id`),
  CONSTRAINT `products_allergies_ibfk_2` FOREIGN KEY (`allergy_id`) REFERENCES `allergies` (`id`)
) ENGINE=InnoDB AUTO_INCREMENT=3 DEFAULT CHARSET=utf8mb4 COLLATE=utf8mb4_0900_ai_ci;
/*!40101 SET character_set_client = @saved_cs_client */;

--
-- Dumping data for table `products_allergies`
--

LOCK TABLES `products_allergies` WRITE;
/*!40000 ALTER TABLE `products_allergies` DISABLE KEYS */;
INSERT INTO `products_allergies` VALUES (1,1,2),(2,2,3);
/*!40000 ALTER TABLE `products_allergies` ENABLE KEYS */;
UNLOCK TABLES;
/*!40103 SET TIME_ZONE=@OLD_TIME_ZONE */;

/*!40101 SET SQL_MODE=@OLD_SQL_MODE */;
/*!40014 SET FOREIGN_KEY_CHECKS=@OLD_FOREIGN_KEY_CHECKS */;
/*!40014 SET UNIQUE_CHECKS=@OLD_UNIQUE_CHECKS */;
/*!40101 SET CHARACTER_SET_CLIENT=@OLD_CHARACTER_SET_CLIENT */;
/*!40101 SET CHARACTER_SET_RESULTS=@OLD_CHARACTER_SET_RESULTS */;
/*!40101 SET COLLATION_CONNECTION=@OLD_COLLATION_CONNECTION */;
/*!40111 SET SQL_NOTES=@OLD_SQL_NOTES */;

-- Dump completed on 2021-12-20 23:05:20
